<?xml version="1.0" encoding="UTF-8"?>
<beans xmlns="http://www.springframework.org/schema/beans"
	xmlns:xsi="http://www.w3.org/2001/XMLSchema-instance"
	xsi:schemaLocation="http://www.springframework.org/schema/beans https://www.springframework.org/schema/beans/spring-beans.xsd">
	
	<!-- Root Context: defines shared resources visible to all other web components -->
		
	<bean id="dataSource"
        class="org.springframework.jdbc.datasource.DriverManagerDataSource">
        <property name="driverClassName" value="com.mysql.jdbc.Driver"></property>
        <property name="url"
            value="jdbc:mysql://127.0.0.1:3306/test?useSSL=false&amp;serverTimezone=UTC">
        </property>
        <property name="username" value="root"></property>
        <property name="password" value="test"></property>
    </bean>        

	 <!-- 2단계. MyBatis Spring에서 제공하는 SQL명령어 실행을 위한 도구 등록 -->
	 <bean class="org.mybatis.spring.SqlSessionFactoryBean" id="sqlSessionFactory">
	  	<!-- MyBatis 설정파일의 위치를 설정(src/main/resources)하여 설정값들을 가져오겠다. (classpath: 가 resources 폴더를 의미함 -->
	  	<property name="configLocation" value="classpath:mybatis-config.xml" />
	  	
	  	<!-- 어떤 디비에 연결할건지 연결을 위한 도구를 참조 설정 -->
	  	<property name="dataSource" ref="dataSource" />
	 </bean>
	 
	<!-- 3단계. SQL구문 실행을 위한 템플릿을 제공하는 도구 등록 -->
	<bean class="org.mybatis.spring.SqlSessionTemplate" id="sqlSession">
		<!-- SQL 명령어 실행을 위한 도구에 대한 참조 설정 -->
		<constructor-arg ref="sqlSessionFactory" />
	</bean>
	
	<!-- 파일 업로드를 위한 도구 -->
	<bean class="org.springframework.web.multipart.commons.CommonsMultipartResolver" id="multipartResolver">
		<property name="maxUploadSize" value="100000000" />
		<property name="maxInMemorySize" value="100000000" />
	</bean>

</beans>
